National Flag,Area,Population,Iso,Country,Capital,Continent,Tld,Currency Code,Currency Name,Phone,Postal Code Format,Postal Code Regex,Languages,Neighbours,Date/Time
/places/static/images/flags/af.png,647500 square kilometres,29121286,AF,Afghanistan,Kabul,AS,.af,AFN,Afghani,93,None,None,"fa-AF,ps,uz-AF,tk","['TM', 'CN', 'IR', 'TJ', 'PK', 'UZ']",2022-03-30 23:40:11.969235
/places/static/images/flags/ax.png,1580 square kilometres,26711,AX,Aland Islands,Mariehamn,EU,.ax,EUR,Euro,+358-18,#####,^(?:FI)*(\d{5})$,sv-AX,None,2022-03-30 23:40:12.087869
/places/static/images/flags/al.png,28748 square kilometres,2986952,AL,Albania,Tirana,EU,.al,ALL,Lek,355,None,None,"sq,el","['MK', 'GR', 'CS', 'ME', 'RS', 'XK']",2022-03-30 23:40:12.251084
/places/static/images/flags/dz.png,2381740 square kilometres,34586184,DZ,Algeria,Algiers,AF,.dz,DZD,Dinar,213,#####,^(\d{5})$,ar-DZ,"['NE', 'EH', 'LY', 'MR', 'TN', 'MA', 'ML']",2022-03-30 23:40:12.359854
/places/static/images/flags/as.png,199 square kilometres,57881,AS,American Samoa,Pago Pago,OC,.as,USD,Dollar,+1-684,None,None,"en-AS,sm,to",None,2022-03-30 23:40:12.490904
/places/static/images/flags/ad.png,468 square kilometres,84000,AD,Andorra,Andorra la Vella,EU,.ad,EUR,Euro,376,AD###,^(?:AD)*(\d{3})$,ca,"['ES', 'FR']",2022-03-30 23:40:12.634468
/places/static/images/flags/ao.png,1246700 square kilometres,13068161,AO,Angola,Luanda,AF,.ao,AOA,Kwanza,244,None,None,pt-AO,"['CD', 'NA', 'ZM', 'CG']",2022-03-30 23:40:12.791667
/places/static/images/flags/ai.png,102 square kilometres,13254,AI,Anguilla,The Valley,NA,.ai,XCD,Dollar,+1-264,None,None,en-AI,None,2022-03-30 23:40:12.897939
/places/static/images/flags/aq.png,14000000 square kilometres,0,AQ,Antarctica,None,AN,.aq,None,None,None,None,None,None,None,2022-03-30 23:40:13.016807
/places/static/images/flags/ag.png,443 square kilometres,86754,AG,Antigua and Barbuda,St. John's,NA,.ag,XCD,Dollar,+1-268,None,None,en-AG,None,2022-03-30 23:40:13.187731
/places/static/images/flags/ar.png,2766890 square kilometres,41343201,AR,Argentina,Buenos Aires,SA,.ar,ARS,Peso,54,@####@@@,^([A-Z]\d{4}[A-Z]{3})$,"es-AR,en,it,de,fr,gn","['CL', 'BO', 'UY', 'PY', 'BR']",2022-03-30 23:40:13.289172
/places/static/images/flags/am.png,29800 square kilometres,2968000,AM,Armenia,Yerevan,AS,.am,AMD,Dram,374,######,^(\d{6})$,hy,"['GE', 'IR', 'AZ', 'TR']",2022-03-30 23:40:13.390340
/places/static/images/flags/aw.png,193 square kilometres,71566,AW,Aruba,Oranjestad,NA,.aw,AWG,Guilder,297,None,None,"nl-AW,es,en",None,2022-03-30 23:40:13.526603
/places/static/images/flags/au.png,7686850 square kilometres,21515754,AU,Australia,Canberra,OC,.au,AUD,Dollar,61,####,^(\d{4})$,en-AU,None,2022-03-30 23:40:13.633627
/places/static/images/flags/at.png,83858 square kilometres,8205000,AT,Austria,Vienna,EU,.at,EUR,Euro,43,####,^(\d{4})$,"de-AT,hr,hu,sl","['CH', 'DE', 'HU', 'SK', 'CZ', 'IT', 'SI', 'LI']",2022-03-30 23:40:13.737956
/places/static/images/flags/az.png,86600 square kilometres,8303512,AZ,Azerbaijan,Baku,AS,.az,AZN,Manat,994,AZ ####,^(?:AZ)*(\d{4})$,"az,ru,hy","['GE', 'IR', 'AM', 'TR', 'RU']",2022-03-30 23:40:13.841108
/places/static/images/flags/bs.png,13940 square kilometres,301790,BS,Bahamas,Nassau,NA,.bs,BSD,Dollar,+1-242,None,None,en-BS,None,2022-03-30 23:40:13.942771
/places/static/images/flags/bh.png,665 square kilometres,738004,BH,Bahrain,Manama,AS,.bh,BHD,Dinar,973,####|###,^(\d{3}\d?)$,"ar-BH,en,fa,ur",None,2022-03-30 23:40:14.065538
/places/static/images/flags/bd.png,144000 square kilometres,156118464,BD,Bangladesh,Dhaka,AS,.bd,BDT,Taka,880,####,^(\d{4})$,"bn-BD,en","['MM', 'IN']",2022-03-30 23:40:14.188338
/places/static/images/flags/bb.png,431 square kilometres,285653,BB,Barbados,Bridgetown,NA,.bb,BBD,Dollar,+1-246,BB#####,^(?:BB)*(\d{5})$,en-BB,None,2022-03-30 23:40:14.288283
/places/static/images/flags/by.png,207600 square kilometres,9685000,BY,Belarus,Minsk,EU,.by,BYR,Ruble,375,######,^(\d{6})$,"be,ru","['PL', 'LT', 'UA', 'RU', 'LV']",2022-03-30 23:40:14.391633
/places/static/images/flags/be.png,30510 square kilometres,10403000,BE,Belgium,Brussels,EU,.be,EUR,Euro,32,####,^(\d{4})$,"nl-BE,fr-BE,de-BE","['DE', 'NL', 'LU', 'FR']",2022-03-30 23:40:14.519759
/places/static/images/flags/bz.png,22966 square kilometres,314522,BZ,Belize,Belmopan,NA,.bz,BZD,Dollar,501,None,None,"en-BZ,es","['GT', 'MX']",2022-03-30 23:40:14.673366
/places/static/images/flags/bj.png,112620 square kilometres,9056010,BJ,Benin,Porto-Novo,AF,.bj,XOF,Franc,229,None,None,fr-BJ,"['NE', 'TG', 'BF', 'NG']",2022-03-30 23:40:14.776904
/places/static/images/flags/bm.png,53 square kilometres,65365,BM,Bermuda,Hamilton,NA,.bm,BMD,Dollar,+1-441,@@ ##,^([A-Z]{2}\d{2})$,"en-BM,pt",None,2022-03-30 23:40:14.883039
/places/static/images/flags/bt.png,47000 square kilometres,699847,BT,Bhutan,Thimphu,AS,.bt,BTN,Ngultrum,975,None,None,dz,"['CN', 'IN']",2022-03-30 23:40:15.048335
/places/static/images/flags/bo.png,1098580 square kilometres,9947418,BO,Bolivia,Sucre,SA,.bo,BOB,Boliviano,591,None,None,"es-BO,qu,ay","['PE', 'CL', 'PY', 'BR', 'AR']",2022-03-30 23:40:15.287115
/places/static/images/flags/bq.png,328 square kilometres,18012,BQ,"Bonaire, Saint Eustatius and Saba",None,NA,.bq,USD,Dollar,599,None,None,"nl,pap,en",None,2022-03-30 23:40:15.455427
/places/static/images/flags/ba.png,51129 square kilometres,4590000,BA,Bosnia and Herzegovina,Sarajevo,EU,.ba,BAM,Marka,387,#####,^(\d{5})$,"bs,hr-BA,sr-BA","['CS', 'HR', 'ME', 'RS']",2022-03-30 23:40:15.594252
/places/static/images/flags/bw.png,600370 square kilometres,2029307,BW,Botswana,Gaborone,AF,.bw,BWP,Pula,267,None,None,"en-BW,tn-BW","['ZW', 'ZA', 'NA']",2022-03-30 23:40:15.699983
/places/static/images/flags/bv.png,49 square kilometres,0,BV,Bouvet Island,None,AN,.bv,NOK,Krone,None,None,None,None,None,2022-03-30 23:40:15.801447
/places/static/images/flags/br.png,8511965 square kilometres,201103330,BR,Brazil,Brasilia,SA,.br,BRL,Real,55,#####-###,^(\d{8})$,"pt-BR,es,en,fr","['SR', 'PE', 'BO', 'UY', 'GY', 'PY', 'GF', 'VE', 'CO', 'AR']",2022-03-30 23:40:15.903569
/places/static/images/flags/io.png,60 square kilometres,4000,IO,British Indian Ocean Territory,Diego Garcia,AS,.io,USD,Dollar,246,None,None,en-IO,None,2022-03-30 23:40:16.013209
/places/static/images/flags/vg.png,153 square kilometres,21730,VG,British Virgin Islands,Road Town,NA,.vg,USD,Dollar,+1-284,None,None,en-VG,None,2022-03-30 23:40:16.152219
/places/static/images/flags/bn.png,5770 square kilometres,395027,BN,Brunei,Bandar Seri Begawan,AS,.bn,BND,Dollar,673,@@####,^([A-Z]{2}\d{4})$,"ms-BN,en-BN",MY ,2022-03-30 23:40:16.285015
/places/static/images/flags/bg.png,110910 square kilometres,7148785,BG,Bulgaria,Sofia,EU,.bg,BGN,Lev,359,####,^(\d{4})$,"bg,tr-BG","['MK', 'GR', 'RO', 'CS', 'TR', 'RS']",2022-03-30 23:40:16.384904
/places/static/images/flags/bf.png,274200 square kilometres,16241811,BF,Burkina Faso,Ouagadougou,AF,.bf,XOF,Franc,226,None,None,fr-BF,"['NE', 'BJ', 'GH', 'CI', 'TG', 'ML']",2022-03-30 23:40:16.487267
/places/static/images/flags/bi.png,27830 square kilometres,9863117,BI,Burundi,Bujumbura,AF,.bi,BIF,Franc,257,None,None,"fr-BI,rn","['TZ', 'CD', 'RW']",2022-03-30 23:40:16.673912
/places/static/images/flags/kh.png,181040 square kilometres,14453680,KH,Cambodia,Phnom Penh,AS,.kh,KHR,Riels,855,#####,^(\d{5})$,"km,fr,en","['LA', 'TH', 'VN']",2022-03-30 23:40:16.784914
/places/static/images/flags/cm.png,475440 square kilometres,19294149,CM,Cameroon,Yaounde,AF,.cm,XAF,Franc,237,None,None,"en-CM,fr-CM","['TD', 'CF', 'GA', 'GQ', 'CG', 'NG']",2022-03-30 23:40:16.898774
/places/static/images/flags/ca.png,9984670 square kilometres,33679000,CA,Canada,Ottawa,NA,.ca,CAD,Dollar,1,@#@ #@#,^([ABCEGHJKLMNPRSTVXY]\d[ABCEGHJKLMNPRSTVWXYZ]) ?(\d[ABCEGHJKLMNPRSTVWXYZ]\d)$,"en-CA,fr-CA,iu",US ,2022-03-30 23:40:17.018934
/places/static/images/flags/cv.png,4033 square kilometres,508659,CV,Cape Verde,Praia,AF,.cv,CVE,Escudo,238,####,^(\d{4})$,pt-CV,None,2022-03-30 23:40:17.128953
/places/static/images/flags/ky.png,262 square kilometres,44270,KY,Cayman Islands,George Town,NA,.ky,KYD,Dollar,+1-345,None,None,en-KY,None,2022-03-30 23:40:17.309596
/places/static/images/flags/cf.png,622984 square kilometres,4844927,CF,Central African Republic,Bangui,AF,.cf,XAF,Franc,236,None,None,"fr-CF,sg,ln,kg","['TD', 'SD', 'CD', 'SS', 'CM', 'CG']",2022-03-30 23:40:17.419598
/places/static/images/flags/td.png,1284000 square kilometres,10543464,TD,Chad,N'Djamena,AF,.td,XAF,Franc,235,None,None,"fr-TD,ar-TD,sre","['NE', 'LY', 'CF', 'SD', 'CM', 'NG']",2022-03-30 23:40:17.527073
/places/static/images/flags/cl.png,756950 square kilometres,16746491,CL,Chile,Santiago,SA,.cl,CLP,Peso,56,#######,^(\d{7})$,es-CL,"['PE', 'BO', 'AR']",2022-03-30 23:40:17.651608
/places/static/images/flags/cn.png,9596960 square kilometres,1330044000,CN,China,Beijing,AS,.cn,CNY,Yuan Renminbi,86,######,^(\d{6})$,"zh-CN,yue,wuu,dta,ug,za","['LA', 'BT', 'TJ', 'KZ', 'MN', 'AF', 'NP', 'MM', 'KG', 'PK', 'KP', 'RU', 'VN', 'IN']",2022-03-30 23:40:17.752414
/places/static/images/flags/cx.png,135 square kilometres,1500,CX,Christmas Island,Flying Fish Cove,AS,.cx,AUD,Dollar,61,####,^(\d{4})$,"en,zh,ms-CC",None,2022-03-30 23:40:17.856139
/places/static/images/flags/cc.png,14 square kilometres,628,CC,Cocos Islands,West Island,AS,.cc,AUD,Dollar,61,None,None,"ms-CC,en",None,2022-03-30 23:40:17.958609
/places/static/images/flags/co.png,1138910 square kilometres,44205293,CO,Colombia,Bogota,SA,.co,COP,Peso,57,None,None,es-CO,"['EC', 'PE', 'PA', 'BR', 'VE']",2022-03-30 23:40:18.072445
/places/static/images/flags/km.png,2170 square kilometres,773407,KM,Comoros,Moroni,AF,.km,KMF,Franc,269,None,None,"ar,fr-KM",None,2022-03-30 23:40:18.174320
/places/static/images/flags/ck.png,240 square kilometres,21388,CK,Cook Islands,Avarua,OC,.ck,NZD,Dollar,682,None,None,"en-CK,mi",None,2022-03-30 23:40:18.274206
/places/static/images/flags/cr.png,51100 square kilometres,4516220,CR,Costa Rica,San Jose,NA,.cr,CRC,Colon,506,####,^(\d{4})$,"es-CR,en","['PA', 'NI']",2022-03-30 23:40:18.376318
/places/static/images/flags/hr.png,56542 square kilometres,4491000,HR,Croatia,Zagreb,EU,.hr,HRK,Kuna,385,#####,^(?:HR)*(\d{5})$,"hr-HR,sr","['HU', 'SI', 'CS', 'BA', 'ME', 'RS']",2022-03-30 23:40:18.479345
/places/static/images/flags/cu.png,110860 square kilometres,11423000,CU,Cuba,Havana,NA,.cu,CUP,Peso,53,CP #####,^(?:CP)*(\d{5})$,es-CU,US ,2022-03-30 23:40:18.599468
/places/static/images/flags/cw.png,444 square kilometres,141766,CW,Curacao,Willemstad,NA,.cw,ANG,Guilder,599,None,None,"nl,pap",None,2022-03-30 23:40:18.713214
/places/static/images/flags/cy.png,9250 square kilometres,1102677,CY,Cyprus,Nicosia,EU,.cy,EUR,Euro,357,####,^(\d{4})$,"el-CY,tr-CY,en",None,2022-03-30 23:40:18.817127
/places/static/images/flags/cz.png,78866 square kilometres,10476000,CZ,Czech Republic,Prague,EU,.cz,CZK,Koruna,420,### ##,^(\d{5})$,"cs,sk","['PL', 'DE', 'SK', 'AT']",2022-03-30 23:40:18.917737
/places/static/images/flags/cd.png,2345410 square kilometres,70916439,CD,Democratic Republic of the Congo,Kinshasa,AF,.cd,CDF,Franc,243,None,None,"fr-CD,ln,kg","['TZ', 'CF', 'SS', 'RW', 'ZM', 'BI', 'UG', 'CG', 'AO']",2022-03-30 23:40:19.023488
/places/static/images/flags/dk.png,43094 square kilometres,5484000,DK,Denmark,Copenhagen,EU,.dk,DKK,Krone,45,####,^(\d{4})$,"da-DK,en,fo,de-DK",DE ,2022-03-30 23:40:19.188119
/places/static/images/flags/dj.png,23000 square kilometres,740528,DJ,Djibouti,Djibouti,AF,.dj,DJF,Franc,253,None,None,"fr-DJ,ar,so-DJ,aa","['ER', 'ET', 'SO']",2022-03-30 23:40:19.287269
/places/static/images/flags/dm.png,754 square kilometres,72813,DM,Dominica,Roseau,NA,.dm,XCD,Dollar,+1-767,None,None,en-DM,None,2022-03-30 23:40:19.386794
/places/static/images/flags/do.png,48730 square kilometres,9823821,DO,Dominican Republic,Santo Domingo,NA,.do,DOP,Peso,+1-809 and 1-829,#####,^(\d{5})$,es-DO,HT ,2022-03-30 23:40:19.490166
/places/static/images/flags/tl.png,15007 square kilometres,1154625,TL,East Timor,Dili,OC,.tl,USD,Dollar,670,None,None,"tet,pt-TL,id,en",ID ,2022-03-30 23:40:19.598809
/places/static/images/flags/ec.png,283560 square kilometres,14790608,EC,Ecuador,Quito,SA,.ec,USD,Dollar,593,@####@,^([a-zA-Z]\d{4}[a-zA-Z])$,es-EC,"['PE', 'CO']",2022-03-30 23:40:19.721964
/places/static/images/flags/eg.png,1001450 square kilometres,80471869,EG,Egypt,Cairo,AF,.eg,EGP,Pound,20,#####,^(\d{5})$,"ar-EG,en,fr","['LY', 'SD', 'IL']",2022-03-30 23:40:19.822448
/places/static/images/flags/sv.png,21040 square kilometres,6052064,SV,El Salvador,San Salvador,NA,.sv,USD,Dollar,503,CP ####,^(?:CP)*(\d{4})$,es-SV,"['GT', 'HN']",2022-03-30 23:40:19.924187
/places/static/images/flags/gq.png,28051 square kilometres,1014999,GQ,Equatorial Guinea,Malabo,AF,.gq,XAF,Franc,240,None,None,"es-GQ,fr","['GA', 'CM']",2022-03-30 23:40:20.023672
/places/static/images/flags/er.png,121320 square kilometres,5792984,ER,Eritrea,Asmara,AF,.er,ERN,Nakfa,291,None,None,"aa-ER,ar,tig,kun,ti-ER","['ET', 'SD', 'DJ']",2022-03-30 23:40:20.129048
/places/static/images/flags/ee.png,45226 square kilometres,1291170,EE,Estonia,Tallinn,EU,.ee,EUR,Euro,372,#####,^(\d{5})$,"et,ru","['RU', 'LV']",2022-03-30 23:40:20.233831
/places/static/images/flags/et.png,1127127 square kilometres,88013491,ET,Ethiopia,Addis Ababa,AF,.et,ETB,Birr,251,####,^(\d{4})$,"am,en-ET,om-ET,ti-ET,so-ET,sid","['ER', 'KE', 'SD', 'SS', 'SO', 'DJ']",2022-03-30 23:40:20.337788
/places/static/images/flags/fk.png,12173 square kilometres,2638,FK,Falkland Islands,Stanley,SA,.fk,FKP,Pound,500,None,None,en-FK,None,2022-03-30 23:40:20.439860
/places/static/images/flags/fo.png,1399 square kilometres,48228,FO,Faroe Islands,Torshavn,EU,.fo,DKK,Krone,298,FO-###,^(?:FO)*(\d{3})$,"fo,da-FO",None,2022-03-30 23:40:20.541948
/places/static/images/flags/fj.png,18270 square kilometres,875983,FJ,Fiji,Suva,OC,.fj,FJD,Dollar,679,None,None,"en-FJ,fj",None,2022-03-30 23:40:20.658705
/places/static/images/flags/fi.png,337030 square kilometres,5244000,FI,Finland,Helsinki,EU,.fi,EUR,Euro,358,#####,^(?:FI)*(\d{5})$,"fi-FI,sv-FI,smn","['NO', 'RU', 'SE']",2022-03-30 23:40:20.773617
/places/static/images/flags/fr.png,547030 square kilometres,64768389,FR,France,Paris,EU,.fr,EUR,Euro,33,#####,^(\d{5})$,"fr-FR,frp,br,co,ca,eu,oc","['CH', 'DE', 'BE', 'LU', 'IT', 'AD', 'MC', 'ES']",2022-03-30 23:40:20.876542
/places/static/images/flags/gf.png,91000 square kilometres,195506,GF,French Guiana,Cayenne,SA,.gf,EUR,Euro,594,#####,^((97|98)3\d{2})$,fr-GF,"['SR', 'BR']",2022-03-30 23:40:21.040432
/places/static/images/flags/pf.png,4167 square kilometres,270485,PF,French Polynesia,Papeete,OC,.pf,XPF,Franc,689,#####,^((97|98)7\d{2})$,"fr-PF,ty",None,2022-03-30 23:40:21.141852
/places/static/images/flags/tf.png,7829 square kilometres,140,TF,French Southern Territories,Port-aux-Francais,AN,.tf,EUR,Euro,None,None,None,fr,None,2022-03-30 23:40:21.241159
/places/static/images/flags/ga.png,267667 square kilometres,1545255,GA,Gabon,Libreville,AF,.ga,XAF,Franc,241,None,None,fr-GA,"['CM', 'GQ', 'CG']",2022-03-30 23:40:21.342562
/places/static/images/flags/gm.png,11300 square kilometres,1593256,GM,Gambia,Banjul,AF,.gm,GMD,Dalasi,220,None,None,"en-GM,mnk,wof,wo,ff",SN ,2022-03-30 23:40:21.444693
/places/static/images/flags/ge.png,69700 square kilometres,4630000,GE,Georgia,Tbilisi,AS,.ge,GEL,Lari,995,####,^(\d{4})$,"ka,ru,hy,az","['AM', 'AZ', 'TR', 'RU']",2022-03-30 23:40:21.543158
/places/static/images/flags/de.png,357021 square kilometres,81802257,DE,Germany,Berlin,EU,.de,EUR,Euro,49,#####,^(\d{5})$,de,"['CH', 'PL', 'NL', 'DK', 'BE', 'CZ', 'LU', 'FR', 'AT']",2022-03-30 23:40:21.649512
/places/static/images/flags/gh.png,239460 square kilometres,24339838,GH,Ghana,Accra,AF,.gh,GHS,Cedi,233,None,None,"en-GH,ak,ee,tw","['CI', 'TG', 'BF']",2022-03-30 23:40:21.766461
/places/static/images/flags/gi.png,6 square kilometres,27884,GI,Gibraltar,Gibraltar,EU,.gi,GIP,Pound,350,None,None,"en-GI,es,it,pt",ES ,2022-03-30 23:40:21.863919
/places/static/images/flags/gr.png,131940 square kilometres,11000000,GR,Greece,Athens,EU,.gr,EUR,Euro,30,### ##,^(\d{5})$,"el-GR,en,fr","['AL', 'MK', 'TR', 'BG']",2022-03-30 23:40:21.968435
/places/static/images/flags/gl.png,2166086 square kilometres,56375,GL,Greenland,Nuuk,NA,.gl,DKK,Krone,299,####,^(\d{4})$,"kl,da-GL,en",None,2022-03-30 23:40:22.071535
/places/static/images/flags/gd.png,344 square kilometres,107818,GD,Grenada,St. George's,NA,.gd,XCD,Dollar,+1-473,None,None,en-GD,None,2022-03-30 23:40:22.169818
/places/static/images/flags/gp.png,1780 square kilometres,443000,GP,Guadeloupe,Basse-Terre,NA,.gp,EUR,Euro,590,#####,^((97|98)\d{3})$,fr-GP,AN ,2022-03-30 23:40:22.272662
/places/static/images/flags/gu.png,549 square kilometres,159358,GU,Guam,Hagatna,OC,.gu,USD,Dollar,+1-671,969##,^(969\d{2})$,"en-GU,ch-GU",None,2022-03-30 23:40:22.373111
/places/static/images/flags/gt.png,108890 square kilometres,13550440,GT,Guatemala,Guatemala City,NA,.gt,GTQ,Quetzal,502,#####,^(\d{5})$,es-GT,"['MX', 'HN', 'BZ', 'SV']",2022-03-30 23:40:22.473909
/places/static/images/flags/gg.png,78 square kilometres,65228,GG,Guernsey,St Peter Port,EU,.gg,GBP,Pound,+44-1481,@# #@@|@## #@@|@@# #@@|@@## #@@|@#@ #@@|@@#@ #@@|GIR0AA,^(([A-Z]\d{2}[A-Z]{2})|([A-Z]\d{3}[A-Z]{2})|([A-Z]{2}\d{2}[A-Z]{2})|([A-Z]{2}\d{3}[A-Z]{2})|([A-Z]\d[A-Z]\d[A-Z]{2})|([A-Z]{2}\d[A-Z]\d[A-Z]{2})|(GIR0AA))$,"en,fr",None,2022-03-30 23:40:22.574256
/places/static/images/flags/gn.png,245857 square kilometres,10324025,GN,Guinea,Conakry,AF,.gn,GNF,Franc,224,None,None,fr-GN,"['LR', 'SN', 'SL', 'CI', 'GW', 'ML']",2022-03-30 23:40:22.740243
/places/static/images/flags/gw.png,36120 square kilometres,1565126,GW,Guinea-Bissau,Bissau,AF,.gw,XOF,Franc,245,####,^(\d{4})$,"pt-GW,pov","['SN', 'GN']",2022-03-30 23:40:22.865576
/places/static/images/flags/gy.png,214970 square kilometres,748486,GY,Guyana,Georgetown,SA,.gy,GYD,Dollar,592,None,None,en-GY,"['SR', 'BR', 'VE']",2022-03-30 23:40:22.969010
/places/static/images/flags/ht.png,27750 square kilometres,9648924,HT,Haiti,Port-au-Prince,NA,.ht,HTG,Gourde,509,HT####,^(?:HT)*(\d{4})$,"ht,fr-HT",DO ,2022-03-30 23:40:23.099651
/places/static/images/flags/hm.png,412 square kilometres,0,HM,Heard Island and McDonald Islands,None,AN,.hm,AUD,Dollar,None,None,None,None,None,2022-03-30 23:40:23.205182
/places/static/images/flags/hn.png,112090 square kilometres,7989415,HN,Honduras,Tegucigalpa,NA,.hn,HNL,Lempira,504,@@####,^([A-Z]{2}\d{4})$,es-HN,"['GT', 'NI', 'SV']",2022-03-30 23:40:23.306734
/places/static/images/flags/hk.png,1092 square kilometres,6898686,HK,Hong Kong,Hong Kong,AS,.hk,HKD,Dollar,852,None,None,"zh-HK,yue,zh,en",None,2022-03-30 23:40:23.406073
/places/static/images/flags/hu.png,93030 square kilometres,9982000,HU,Hungary,Budapest,EU,.hu,HUF,Forint,36,####,^(\d{4})$,hu-HU,"['SK', 'SI', 'RO', 'UA', 'CS', 'HR', 'AT', 'RS']",2022-03-30 23:40:23.505022
/places/static/images/flags/is.png,103000 square kilometres,308910,IS,Iceland,Reykjavik,EU,.is,ISK,Krona,354,###,^(\d{3})$,"is,en,de,da,sv,no",None,2022-03-30 23:40:23.607528
/places/static/images/flags/in.png,3287590 square kilometres,1173108018,IN,India,New Delhi,AS,.in,INR,Rupee,91,######,^(\d{6})$,"en-IN,hi,bn,te,mr,ta,ur,gu,kn,ml,or,pa,as,bh,sat,ks,ne,sd,kok,doi,mni,sit,sa,fr,lus,inc","['CN', 'NP', 'MM', 'BT', 'PK', 'BD']",2022-03-30 23:40:23.712442
/places/static/images/flags/id.png,1919440 square kilometres,242968342,ID,Indonesia,Jakarta,AS,.id,IDR,Rupiah,62,#####,^(\d{5})$,"id,en,nl,jv","['PG', 'TL', 'MY']",2022-03-30 23:40:23.844866
/places/static/images/flags/ir.png,1648000 square kilometres,76923300,IR,Iran,Tehran,AS,.ir,IRR,Rial,98,##########,^(\d{10})$,"fa-IR,ku","['TM', 'AF', 'IQ', 'AM', 'PK', 'AZ', 'TR']",2022-03-30 23:40:23.949992
/places/static/images/flags/iq.png,437072 square kilometres,29671605,IQ,Iraq,Baghdad,AS,.iq,IQD,Dinar,964,#####,^(\d{5})$,"ar-IQ,ku,hy","['SY', 'SA', 'IR', 'JO', 'TR', 'KW']",2022-03-30 23:40:24.051322
/places/static/images/flags/ie.png,70280 square kilometres,4622917,IE,Ireland,Dublin,EU,.ie,EUR,Euro,353,None,None,"en-IE,ga-IE",GB ,2022-03-30 23:40:24.149814
/places/static/images/flags/im.png,572 square kilometres,75049,IM,Isle of Man,"Douglas, Isle of Man",EU,.im,GBP,Pound,+44-1624,@# #@@|@## #@@|@@# #@@|@@## #@@|@#@ #@@|@@#@ #@@|GIR0AA,^(([A-Z]\d{2}[A-Z]{2})|([A-Z]\d{3}[A-Z]{2})|([A-Z]{2}\d{2}[A-Z]{2})|([A-Z]{2}\d{3}[A-Z]{2})|([A-Z]\d[A-Z]\d[A-Z]{2})|([A-Z]{2}\d[A-Z]\d[A-Z]{2})|(GIR0AA))$,"en,gv",None,2022-03-30 23:40:24.258380
/places/static/images/flags/il.png,20770 square kilometres,7353985,IL,Israel,Jerusalem,AS,.il,ILS,Shekel,972,#####,^(\d{5})$,"he,ar-IL,en-IL,","['SY', 'JO', 'LB', 'EG', 'PS']",2022-03-30 23:40:24.356818
/places/static/images/flags/it.png,301230 square kilometres,60340328,IT,Italy,Rome,EU,.it,EUR,Euro,39,#####,^(\d{5})$,"it-IT,de-IT,fr-IT,sc,ca,co,sl","['CH', 'VA', 'SI', 'SM', 'FR', 'AT']",2022-03-30 23:40:24.455164
/places/static/images/flags/ci.png,322460 square kilometres,21058798,CI,Ivory Coast,Yamoussoukro,AF,.ci,XOF,Franc,225,None,None,fr-CI,"['LR', 'GH', 'GN', 'BF', 'ML']",2022-03-30 23:40:24.560128
/places/static/images/flags/jm.png,10991 square kilometres,2847232,JM,Jamaica,Kingston,NA,.jm,JMD,Dollar,+1-876,None,None,en-JM,None,2022-03-30 23:40:24.663797
/places/static/images/flags/jp.png,377835 square kilometres,127288000,JP,Japan,Tokyo,AS,.jp,JPY,Yen,81,###-####,^(\d{7})$,ja,None,2022-03-30 23:40:24.782605
/places/static/images/flags/je.png,116 square kilometres,90812,JE,Jersey,Saint Helier,EU,.je,GBP,Pound,+44-1534,@# #@@|@## #@@|@@# #@@|@@## #@@|@#@ #@@|@@#@ #@@|GIR0AA,^(([A-Z]\d{2}[A-Z]{2})|([A-Z]\d{3}[A-Z]{2})|([A-Z]{2}\d{2}[A-Z]{2})|([A-Z]{2}\d{3}[A-Z]{2})|([A-Z]\d[A-Z]\d[A-Z]{2})|([A-Z]{2}\d[A-Z]\d[A-Z]{2})|(GIR0AA))$,"en,pt",None,2022-03-30 23:40:24.953210
/places/static/images/flags/jo.png,92300 square kilometres,6407085,JO,Jordan,Amman,AS,.jo,JOD,Dinar,962,#####,^(\d{5})$,"ar-JO,en","['SY', 'SA', 'IQ', 'IL', 'PS']",2022-03-30 23:40:25.050634
/places/static/images/flags/kz.png,2717300 square kilometres,15340000,KZ,Kazakhstan,Astana,AS,.kz,KZT,Tenge,7,######,^(\d{6})$,"kk,ru","['TM', 'CN', 'KG', 'UZ', 'RU']",2022-03-30 23:40:25.151516
/places/static/images/flags/ke.png,582650 square kilometres,40046566,KE,Kenya,Nairobi,AF,.ke,KES,Shilling,254,#####,^(\d{5})$,"en-KE,sw-KE","['ET', 'TZ', 'SS', 'SO', 'UG']",2022-03-30 23:40:25.252525
/places/static/images/flags/ki.png,811 square kilometres,92533,KI,Kiribati,Tarawa,OC,.ki,AUD,Dollar,686,None,None,"en-KI,gil",None,2022-03-30 23:40:25.351931
/places/static/images/flags/xk.png,10908 square kilometres,1800000,XK,Kosovo,Pristina,EU,None,EUR,Euro,None,None,None,"sq,sr","['RS', 'AL', 'MK', 'ME']",2022-03-30 23:40:25.453100
/places/static/images/flags/kw.png,17820 square kilometres,2789132,KW,Kuwait,Kuwait City,AS,.kw,KWD,Dinar,965,#####,^(\d{5})$,"ar-KW,en","['SA', 'IQ']",2022-03-30 23:40:25.560761
/places/static/images/flags/kg.png,198500 square kilometres,5508626,KG,Kyrgyzstan,Bishkek,AS,.kg,KGS,Som,996,######,^(\d{6})$,"ky,uz,ru","['CN', 'TJ', 'UZ', 'KZ']",2022-03-30 23:40:25.658375
/places/static/images/flags/la.png,236800 square kilometres,6368162,LA,Laos,Vientiane,AS,.la,LAK,Kip,856,#####,^(\d{5})$,"lo,fr,en","['CN', 'MM', 'KH', 'TH', 'VN']",2022-03-30 23:40:25.761981
/places/static/images/flags/lv.png,64589 square kilometres,2217969,LV,Latvia,Riga,EU,.lv,EUR,Euro,371,LV-####,^(?:LV)*(\d{4})$,"lv,ru,lt","['LT', 'EE', 'BY', 'RU']",2022-03-30 23:40:25.888584
/places/static/images/flags/lb.png,10400 square kilometres,4125247,LB,Lebanon,Beirut,AS,.lb,LBP,Pound,961,#### ####|####,^(\d{4}(\d{4})?)$,"ar-LB,fr-LB,en,hy","['SY', 'IL']",2022-03-30 23:40:25.997745
/places/static/images/flags/ls.png,30355 square kilometres,1919552,LS,Lesotho,Maseru,AF,.ls,LSL,Loti,266,###,^(\d{3})$,"en-LS,st,zu,xh",ZA ,2022-03-30 23:40:26.102881
/places/static/images/flags/lr.png,111370 square kilometres,3685076,LR,Liberia,Monrovia,AF,.lr,LRD,Dollar,231,####,^(\d{4})$,en-LR,"['SL', 'CI', 'GN']",2022-03-30 23:40:26.217172
/places/static/images/flags/ly.png,1759540 square kilometres,6461454,LY,Libya,Tripolis,AF,.ly,LYD,Dinar,218,None,None,"ar-LY,it,en","['TD', 'NE', 'DZ', 'SD', 'TN', 'EG']",2022-03-30 23:40:26.315066
/places/static/images/flags/li.png,160 square kilometres,35000,LI,Liechtenstein,Vaduz,EU,.li,CHF,Franc,423,####,^(\d{4})$,de-LI,"['CH', 'AT']",2022-03-30 23:40:26.417481
/places/static/images/flags/lt.png,65200 square kilometres,3565000,LT,Lithuania,Vilnius,EU,.lt,LTL,Litas,370,LT-#####,^(?:LT)*(\d{5})$,"lt,ru,pl","['PL', 'BY', 'RU', 'LV']",2022-03-30 23:40:26.517048
/places/static/images/flags/lu.png,2586 square kilometres,497538,LU,Luxembourg,Luxembourg,EU,.lu,EUR,Euro,352,L-####,^(\d{4})$,"lb,de-LU,fr-LU","['DE', 'BE', 'FR']",2022-03-30 23:40:26.615453
/places/static/images/flags/mo.png,254 square kilometres,449198,MO,Macao,Macao,AS,.mo,MOP,Pataca,853,None,None,"zh,zh-MO,pt",None,2022-03-30 23:40:26.764817
/places/static/images/flags/mk.png,25333 square kilometres,2062294,MK,Macedonia,Skopje,EU,.mk,MKD,Denar,389,####,^(\d{4})$,"mk,sq,tr,rmm,sr","['AL', 'GR', 'CS', 'BG', 'RS', 'XK']",2022-03-30 23:40:33.099521
/places/static/images/flags/mg.png,587040 square kilometres,21281844,MG,Madagascar,Antananarivo,AF,.mg,MGA,Ariary,261,###,^(\d{3})$,"fr-MG,mg",None,2022-03-30 23:40:33.197521
/places/static/images/flags/mw.png,118480 square kilometres,15447500,MW,Malawi,Lilongwe,AF,.mw,MWK,Kwacha,265,None,None,"ny,yao,tum,swk","['TZ', 'MZ', 'ZM']",2022-03-30 23:40:33.297168
/places/static/images/flags/my.png,329750 square kilometres,28274729,MY,Malaysia,Kuala Lumpur,AS,.my,MYR,Ringgit,60,#####,^(\d{5})$,"ms-MY,en,zh,ta,te,ml,pa,th","['BN', 'TH', 'ID']",2022-03-30 23:40:33.397017
/places/static/images/flags/mv.png,300 square kilometres,395650,MV,Maldives,Male,AS,.mv,MVR,Rufiyaa,960,#####,^(\d{5})$,"dv,en",None,2022-03-30 23:40:33.499328
/places/static/images/flags/ml.png,1240000 square kilometres,13796354,ML,Mali,Bamako,AF,.ml,XOF,Franc,223,None,None,"fr-ML,bm","['SN', 'NE', 'DZ', 'CI', 'GN', 'MR', 'BF']",2022-03-30 23:40:33.600891
/places/static/images/flags/mt.png,316 square kilometres,403000,MT,Malta,Valletta,EU,.mt,EUR,Euro,356,@@@ ###|@@@ ##,^([A-Z]{3}\d{2}\d?)$,"mt,en-MT",None,2022-03-30 23:40:33.703988
/places/static/images/flags/mh.png,181 square kilometres,65859,MH,Marshall Islands,Majuro,OC,.mh,USD,Dollar,692,None,None,"mh,en-MH",None,2022-03-30 23:40:33.801367
/places/static/images/flags/mq.png,1100 square kilometres,432900,MQ,Martinique,Fort-de-France,NA,.mq,EUR,Euro,596,#####,^(\d{5})$,fr-MQ,None,2022-03-30 23:40:33.907870
/places/static/images/flags/mr.png,1030700 square kilometres,3205060,MR,Mauritania,Nouakchott,AF,.mr,MRO,Ouguiya,222,None,None,"ar-MR,fuc,snk,fr,mey,wo","['SN', 'DZ', 'EH', 'ML']",2022-03-30 23:40:34.017126
/places/static/images/flags/mu.png,2040 square kilometres,1294104,MU,Mauritius,Port Louis,AF,.mu,MUR,Rupee,230,None,None,"en-MU,bho,fr",None,2022-03-30 23:40:34.124388
/places/static/images/flags/yt.png,374 square kilometres,159042,YT,Mayotte,Mamoudzou,AF,.yt,EUR,Euro,262,#####,^(\d{5})$,fr-YT,None,2022-03-30 23:40:34.237648
/places/static/images/flags/mx.png,1972550 square kilometres,112468855,MX,Mexico,Mexico City,NA,.mx,MXN,Peso,52,#####,^(\d{5})$,es-MX,"['GT', 'US', 'BZ']",2022-03-30 23:40:34.341334
/places/static/images/flags/fm.png,702 square kilometres,107708,FM,Micronesia,Palikir,OC,.fm,USD,Dollar,691,#####,^(\d{5})$,"en-FM,chk,pon,yap,kos,uli,woe,nkr,kpg",None,2022-03-30 23:40:34.445071
/places/static/images/flags/md.png,33843 square kilometres,4324000,MD,Moldova,Chisinau,EU,.md,MDL,Leu,373,MD-####,^(?:MD)*(\d{4})$,"ro,ru,gag,tr","['RO', 'UA']",2022-03-30 23:40:34.542443
/places/static/images/flags/mc.png,1 square kilometres,32965,MC,Monaco,Monaco,EU,.mc,EUR,Euro,377,#####,^(\d{5})$,"fr-MC,en,it",FR ,2022-03-30 23:40:34.688506
/places/static/images/flags/mn.png,1565000 square kilometres,3086918,MN,Mongolia,Ulan Bator,AS,.mn,MNT,Tugrik,976,######,^(\d{6})$,"mn,ru","['CN', 'RU']",2022-03-30 23:40:34.784909
/places/static/images/flags/me.png,14026 square kilometres,666730,ME,Montenegro,Podgorica,EU,.me,EUR,Euro,382,#####,^(\d{5})$,"sr,hu,bs,sq,hr,rom","['AL', 'HR', 'BA', 'RS', 'XK']",2022-03-30 23:40:34.900526
/places/static/images/flags/ms.png,102 square kilometres,9341,MS,Montserrat,Plymouth,NA,.ms,XCD,Dollar,+1-664,None,None,en-MS,None,2022-03-30 23:40:35.020298
/places/static/images/flags/ma.png,446550 square kilometres,31627428,MA,Morocco,Rabat,AF,.ma,MAD,Dirham,212,#####,^(\d{5})$,"ar-MA,fr","['DZ', 'EH', 'ES']",2022-03-30 23:40:35.129049
/places/static/images/flags/mz.png,801590 square kilometres,22061451,MZ,Mozambique,Maputo,AF,.mz,MZN,Metical,258,####,^(\d{4})$,"pt-MZ,vmw","['ZW', 'TZ', 'SZ', 'ZA', 'ZM', 'MW']",2022-03-30 23:40:35.234136
/places/static/images/flags/mm.png,678500 square kilometres,53414374,MM,Myanmar,Nay Pyi Taw,AS,.mm,MMK,Kyat,95,#####,^(\d{5})$,my,"['CN', 'LA', 'TH', 'BD', 'IN']",2022-03-30 23:40:35.337814
/places/static/images/flags/na.png,825418 square kilometres,2128471,NA,Namibia,Windhoek,AF,.na,NAD,Dollar,264,None,None,"en-NA,af,de,hz,naq","['ZA', 'BW', 'ZM', 'AO']",2022-03-30 23:40:35.436376
/places/static/images/flags/nr.png,21 square kilometres,10065,NR,Nauru,Yaren,OC,.nr,AUD,Dollar,674,None,None,"na,en-NR",None,2022-03-30 23:40:35.540213
/places/static/images/flags/np.png,140800 square kilometres,28951852,NP,Nepal,Kathmandu,AS,.np,NPR,Rupee,977,#####,^(\d{5})$,"ne,en","['CN', 'IN']",2022-03-30 23:40:35.640306
/places/static/images/flags/nl.png,41526 square kilometres,16645000,NL,Netherlands,Amsterdam,EU,.nl,EUR,Euro,31,#### @@,^(\d{4}[A-Z]{2})$,"nl-NL,fy-NL","['DE', 'BE']",2022-03-30 23:40:35.737661
/places/static/images/flags/an.png,960 square kilometres,136197,AN,Netherlands Antilles,Willemstad,NA,.an,ANG,Guilder,599,None,None,"nl-AN,en,es",GP ,2022-03-30 23:40:35.835989
/places/static/images/flags/nc.png,19060 square kilometres,216494,NC,New Caledonia,Noumea,OC,.nc,XPF,Franc,687,#####,^(\d{5})$,fr-NC,None,2022-03-30 23:40:35.953831
/places/static/images/flags/nz.png,268680 square kilometres,4252277,NZ,New Zealand,Wellington,OC,.nz,NZD,Dollar,64,####,^(\d{4})$,"en-NZ,mi",None,2022-03-30 23:40:36.064953
/places/static/images/flags/ni.png,129494 square kilometres,5995928,NI,Nicaragua,Managua,NA,.ni,NIO,Cordoba,505,###-###-#,^(\d{7})$,"es-NI,en","['CR', 'HN']",2022-03-30 23:40:36.166096
/places/static/images/flags/ne.png,1267000 square kilometres,15878271,NE,Niger,Niamey,AF,.ne,XOF,Franc,227,####,^(\d{4})$,"fr-NE,ha,kr,dje","['TD', 'BJ', 'DZ', 'LY', 'BF', 'NG', 'ML']",2022-03-30 23:40:36.278097
/places/static/images/flags/ng.png,923768 square kilometres,154000000,NG,Nigeria,Abuja,AF,.ng,NGN,Naira,234,######,^(\d{6})$,"en-NG,ha,yo,ig,ff","['TD', 'NE', 'BJ', 'CM']",2022-03-30 23:40:36.373608
/places/static/images/flags/nu.png,260 square kilometres,2166,NU,Niue,Alofi,OC,.nu,NZD,Dollar,683,None,None,"niu,en-NU",None,2022-03-30 23:40:36.532552
/places/static/images/flags/nf.png,34 square kilometres,1828,NF,Norfolk Island,Kingston,OC,.nf,AUD,Dollar,672,####,^(\d{4})$,en-NF,None,2022-03-30 23:40:36.636880
/places/static/images/flags/kp.png,120540 square kilometres,22912177,KP,North Korea,Pyongyang,AS,.kp,KPW,Won,850,###-###,^(\d{6})$,ko-KP,"['CN', 'KR', 'RU']",2022-03-30 23:40:36.734409
/places/static/images/flags/mp.png,477 square kilometres,53883,MP,Northern Mariana Islands,Saipan,OC,.mp,USD,Dollar,+1-670,None,None,"fil,tl,zh,ch-MP,en-MP",None,2022-03-30 23:40:36.834118
/places/static/images/flags/no.png,324220 square kilometres,5009150,NO,Norway,Oslo,EU,.no,NOK,Krone,47,####,^(\d{4})$,"no,nb,nn,se,fi","['FI', 'RU', 'SE']",2022-03-30 23:40:36.937348
/places/static/images/flags/om.png,212460 square kilometres,2967717,OM,Oman,Muscat,AS,.om,OMR,Rial,968,###,^(\d{3})$,"ar-OM,en,bal,ur","['SA', 'YE', 'AE']",2022-03-30 23:40:37.041399
/places/static/images/flags/pk.png,803940 square kilometres,184404791,PK,Pakistan,Islamabad,AS,.pk,PKR,Rupee,92,#####,^(\d{5})$,"ur-PK,en-PK,pa,sd,ps,brh","['CN', 'AF', 'IR', 'IN']",2022-03-30 23:40:37.166585
/places/static/images/flags/pw.png,458 square kilometres,19907,PW,Palau,Melekeok,OC,.pw,USD,Dollar,680,96940,^(96940)$,"pau,sov,en-PW,tox,ja,fil,zh",None,2022-03-30 23:40:37.275613
/places/static/images/flags/ps.png,5970 square kilometres,3800000,PS,Palestinian Territory,East Jerusalem,AS,.ps,ILS,Shekel,970,None,None,ar-PS,"['JO', 'IL']",2022-03-30 23:40:37.379659
/places/static/images/flags/pa.png,78200 square kilometres,3410676,PA,Panama,Panama City,NA,.pa,PAB,Balboa,507,None,None,"es-PA,en","['CR', 'CO']",2022-03-30 23:40:37.478536
/places/static/images/flags/pg.png,462840 square kilometres,6064515,PG,Papua New Guinea,Port Moresby,OC,.pg,PGK,Kina,675,###,^(\d{3})$,"en-PG,ho,meu,tpi",ID ,2022-03-30 23:40:37.580100
/places/static/images/flags/py.png,406750 square kilometres,6375830,PY,Paraguay,Asuncion,SA,.py,PYG,Guarani,595,####,^(\d{4})$,"es-PY,gn","['BO', 'BR', 'AR']",2022-03-30 23:40:37.680110
/places/static/images/flags/pe.png,1285220 square kilometres,29907003,PE,Peru,Lima,SA,.pe,PEN,Sol,51,None,None,"es-PE,qu,ay","['EC', 'CL', 'BO', 'BR', 'CO']",2022-03-30 23:40:37.782723
/places/static/images/flags/ph.png,300000 square kilometres,99900177,PH,Philippines,Manila,AS,.ph,PHP,Peso,63,####,^(\d{4})$,"tl,en-PH,fil",None,2022-03-30 23:40:37.881037
/places/static/images/flags/pn.png,47 square kilometres,46,PN,Pitcairn,Adamstown,OC,.pn,NZD,Dollar,870,None,None,en-PN,None,2022-03-30 23:40:37.989852
/places/static/images/flags/pl.png,312685 square kilometres,38500000,PL,Poland,Warsaw,EU,.pl,PLN,Zloty,48,##-###,^(\d{5})$,pl,"['DE', 'LT', 'SK', 'CZ', 'BY', 'UA', 'RU']",2022-03-30 23:40:38.101494
/places/static/images/flags/pt.png,92391 square kilometres,10676000,PT,Portugal,Lisbon,EU,.pt,EUR,Euro,351,####-###,^(\d{7})$,"pt-PT,mwl",ES ,2022-03-30 23:40:38.203003
/places/static/images/flags/pr.png,9104 square kilometres,3916632,PR,Puerto Rico,San Juan,NA,.pr,USD,Dollar,+1-787 and 1-939,#####-####,^(\d{9})$,"en-PR,es-PR",None,2022-03-30 23:40:38.368915
/places/static/images/flags/qa.png,11437 square kilometres,840926,QA,Qatar,Doha,AS,.qa,QAR,Rial,974,None,None,"ar-QA,es",SA ,2022-03-30 23:40:38.472442
/places/static/images/flags/cg.png,342000 square kilometres,3039126,CG,Republic of the Congo,Brazzaville,AF,.cg,XAF,Franc,242,None,None,"fr-CG,kg,ln-CG","['CF', 'GA', 'CD', 'CM', 'AO']",2022-03-30 23:40:38.578574
/places/static/images/flags/re.png,2517 square kilometres,776948,RE,Reunion,Saint-Denis,AF,.re,EUR,Euro,262,#####,^((97|98)(4|7|8)\d{2})$,fr-RE,None,2022-03-30 23:40:38.678734
/places/static/images/flags/ro.png,237500 square kilometres,21959278,RO,Romania,Bucharest,EU,.ro,RON,Leu,40,######,^(\d{6})$,"ro,hu,rom","['MD', 'HU', 'UA', 'CS', 'BG', 'RS']",2022-03-30 23:40:38.783414
/places/static/images/flags/ru.png,17100000 square kilometres,140702000,RU,Russia,Moscow,EU,.ru,RUB,Ruble,7,######,^(\d{6})$,"ru,tt,xal,cau,ady,kv,ce,tyv,cv,udm,tut,mns,bua,myv,mdf,chm,ba,inh,tut,kbd,krc,ava,sah,nog","['GE', 'CN', 'BY', 'UA', 'KZ', 'LV', 'PL', 'EE', 'LT', 'FI', 'MN', 'NO', 'AZ', 'KP']",2022-03-30 23:40:38.884537
/places/static/images/flags/rw.png,26338 square kilometres,11055976,RW,Rwanda,Kigali,AF,.rw,RWF,Franc,250,None,None,"rw,en-RW,fr-RW,sw","['TZ', 'CD', 'BI', 'UG']",2022-03-30 23:40:38.988556
/places/static/images/flags/bl.png,21 square kilometres,8450,BL,Saint Barthelemy,Gustavia,NA,.gp,EUR,Euro,590,### ###,None,fr,None,2022-03-30 23:40:39.090863
/places/static/images/flags/sh.png,410 square kilometres,7460,SH,Saint Helena,Jamestown,AF,.sh,SHP,Pound,290,STHL 1ZZ,^(STHL1ZZ)$,en-SH,None,2022-03-30 23:40:39.189601
/places/static/images/flags/kn.png,261 square kilometres,51134,KN,Saint Kitts and Nevis,Basseterre,NA,.kn,XCD,Dollar,+1-869,None,None,en-KN,None,2022-03-30 23:40:39.289338
/places/static/images/flags/lc.png,616 square kilometres,160922,LC,Saint Lucia,Castries,NA,.lc,XCD,Dollar,+1-758,None,None,en-LC,None,2022-03-30 23:40:39.391879
/places/static/images/flags/mf.png,53 square kilometres,35925,MF,Saint Martin,Marigot,NA,.gp,EUR,Euro,590,### ###,None,fr,SX ,2022-03-30 23:40:39.494917
/places/static/images/flags/pm.png,242 square kilometres,7012,PM,Saint Pierre and Miquelon,Saint-Pierre,NA,.pm,EUR,Euro,508,#####,^(97500)$,fr-PM,None,2022-03-30 23:40:39.599148
/places/static/images/flags/vc.png,389 square kilometres,104217,VC,Saint Vincent and the Grenadines,Kingstown,NA,.vc,XCD,Dollar,+1-784,None,None,"en-VC,fr",None,2022-03-30 23:40:39.701275
/places/static/images/flags/ws.png,2944 square kilometres,192001,WS,Samoa,Apia,OC,.ws,WST,Tala,685,None,None,"sm,en-WS",None,2022-03-30 23:40:39.804821
/places/static/images/flags/sm.png,61 square kilometres,31477,SM,San Marino,San Marino,EU,.sm,EUR,Euro,378,4789#,^(4789\d)$,it-SM,IT ,2022-03-30 23:40:39.906208
/places/static/images/flags/st.png,1001 square kilometres,175808,ST,Sao Tome and Principe,Sao Tome,AF,.st,STD,Dobra,239,None,None,pt-ST,None,2022-03-30 23:40:40.101296
/places/static/images/flags/sa.png,1960582 square kilometres,25731776,SA,Saudi Arabia,Riyadh,AS,.sa,SAR,Rial,966,#####,^(\d{5})$,ar-SA,"['QA', 'OM', 'IQ', 'YE', 'JO', 'AE', 'KW']",2022-03-30 23:40:40.201627
/places/static/images/flags/sn.png,196190 square kilometres,12323252,SN,Senegal,Dakar,AF,.sn,XOF,Franc,221,#####,^(\d{5})$,"fr-SN,wo,fuc,mnk","['GN', 'MR', 'GW', 'GM', 'ML']",2022-03-30 23:40:40.306566
/places/static/images/flags/rs.png,88361 square kilometres,7344847,RS,Serbia,Belgrade,EU,.rs,RSD,Dinar,381,######,^(\d{6})$,"sr,hu,bs,rom","['AL', 'HU', 'MK', 'RO', 'HR', 'BA', 'BG', 'ME', 'XK']",2022-03-30 23:40:40.418105
/places/static/images/flags/cs.png,102350 square kilometres,10829175,CS,Serbia and Montenegro,Belgrade,EU,.cs,RSD,Dinar,381,#####,^(\d{5})$,"cu,hu,sq,sr","['AL', 'HU', 'MK', 'RO', 'HR', 'BA', 'BG']",2022-03-30 23:40:40.519362
/places/static/images/flags/sc.png,455 square kilometres,88340,SC,Seychelles,Victoria,AF,.sc,SCR,Rupee,248,None,None,"en-SC,fr-SC",None,2022-03-30 23:40:40.621486
/places/static/images/flags/sl.png,71740 square kilometres,5245695,SL,Sierra Leone,Freetown,AF,.sl,SLL,Leone,232,None,None,"en-SL,men,tem","['LR', 'GN']",2022-03-30 23:40:40.722525
/places/static/images/flags/sg.png,692 square kilometres,4701069,SG,Singapore,Singapur,AS,.sg,SGD,Dollar,65,######,^(\d{6})$,"cmn,en-SG,ms-SG,ta-SG,zh-SG",None,2022-03-30 23:40:40.821370
/places/static/images/flags/sx.png,34 square kilometres,37429,SX,Sint Maarten,Philipsburg,NA,.sx,ANG,Guilder,599,None,None,"nl,en",MF ,2022-03-30 23:40:40.925868
/places/static/images/flags/sk.png,48845 square kilometres,5455000,SK,Slovakia,Bratislava,EU,.sk,EUR,Euro,421,### ##,^(\d{5})$,"sk,hu","['PL', 'HU', 'CZ', 'UA', 'AT']",2022-03-30 23:40:41.030955
/places/static/images/flags/si.png,20273 square kilometres,2007000,SI,Slovenia,Ljubljana,EU,.si,EUR,Euro,386,####,^(?:SI)*(\d{4})$,"sl,sh","['HU', 'IT', 'HR', 'AT']",2022-03-30 23:40:41.144883
/places/static/images/flags/sb.png,28450 square kilometres,559198,SB,Solomon Islands,Honiara,OC,.sb,SBD,Dollar,677,None,None,"en-SB,tpi",None,2022-03-30 23:40:41.247474
/places/static/images/flags/so.png,637657 square kilometres,10112453,SO,Somalia,Mogadishu,AF,.so,SOS,Shilling,252,@@  #####,^([A-Z]{2}\d{5})$,"so-SO,ar-SO,it,en-SO","['ET', 'KE', 'DJ']",2022-03-30 23:40:41.348912
/places/static/images/flags/za.png,1219912 square kilometres,49000000,ZA,South Africa,Pretoria,AF,.za,ZAR,Rand,27,####,^(\d{4})$,"zu,xh,af,nso,en-ZA,tn,st,ts,ss,ve,nr","['ZW', 'SZ', 'MZ', 'BW', 'NA', 'LS']",2022-03-30 23:40:41.449763
/places/static/images/flags/gs.png,3903 square kilometres,30,GS,South Georgia and the South Sandwich Islands,Grytviken,AN,.gs,GBP,Pound,None,None,None,en,None,2022-03-30 23:40:41.551867
/places/static/images/flags/kr.png,98480 square kilometres,48422644,KR,South Korea,Seoul,AS,.kr,KRW,Won,82,SEOUL ###-###,^(?:SEOUL)*(\d{6})$,"ko-KR,en",KP ,2022-03-30 23:40:41.660141
/places/static/images/flags/ss.png,644329 square kilometres,8260490,SS,South Sudan,Juba,AF,None,SSP,Pound,211,None,None,en,"['CD', 'CF', 'ET', 'KE', 'SD', 'UG', '']",2022-03-30 23:40:41.758825
/places/static/images/flags/es.png,504782 square kilometres,46505963,ES,Spain,Madrid,EU,.es,EUR,Euro,34,#####,^(\d{5})$,"es-ES,ca,gl,eu,oc","['AD', 'PT', 'GI', 'FR', 'MA']",2022-03-30 23:40:41.918865
/places/static/images/flags/lk.png,65610 square kilometres,21513990,LK,Sri Lanka,Colombo,AS,.lk,LKR,Rupee,94,#####,^(\d{5})$,"si,ta,en",None,2022-03-30 23:40:42.018903
/places/static/images/flags/sd.png,1861484 square kilometres,35000000,SD,Sudan,Khartoum,AF,.sd,SDG,Pound,249,#####,^(\d{5})$,"ar-SD,en,fia","['SS', 'TD', 'EG', 'ET', 'ER', 'LY', 'CF']",2022-03-30 23:40:42.122553
/places/static/images/flags/sr.png,163270 square kilometres,492829,SR,Suriname,Paramaribo,SA,.sr,SRD,Dollar,597,None,None,"nl-SR,en,srn,hns,jv","['GY', 'BR', 'GF']",2022-03-30 23:40:42.239761
/places/static/images/flags/sj.png,62049 square kilometres,2550,SJ,Svalbard and Jan Mayen,Longyearbyen,EU,.sj,NOK,Krone,47,None,None,"no,ru",None,2022-03-30 23:40:42.337499
/places/static/images/flags/sz.png,17363 square kilometres,1354051,SZ,Swaziland,Mbabane,AF,.sz,SZL,Lilangeni,268,@###,^([A-Z]\d{3})$,"en-SZ,ss-SZ","['ZA', 'MZ']",2022-03-30 23:40:42.456415
/places/static/images/flags/se.png,449964 square kilometres,9555893,SE,Sweden,Stockholm,EU,.se,SEK,Krona,46,### ##,^(?:SE)*(\d{5})$,"sv-SE,se,sma,fi-SE","['NO', 'FI']",2022-03-30 23:40:42.558558
/places/static/images/flags/ch.png,41290 square kilometres,7581000,CH,Switzerland,Berne,EU,.ch,CHF,Franc,41,####,^(\d{4})$,"de-CH,fr-CH,it-CH,rm","['DE', 'IT', 'LI', 'FR', 'AT']",2022-03-30 23:40:42.660255
/places/static/images/flags/sy.png,185180 square kilometres,22198110,SY,Syria,Damascus,AS,.sy,SYP,Pound,963,None,None,"ar-SY,ku,hy,arc,fr,en","['IQ', 'JO', 'IL', 'TR', 'LB']",2022-03-30 23:40:42.763273
/places/static/images/flags/tw.png,35980 square kilometres,22894384,TW,Taiwan,Taipei,AS,.tw,TWD,Dollar,886,#####,^(\d{5})$,"zh-TW,zh,nan,hak",None,2022-03-30 23:40:42.864714
/places/static/images/flags/tj.png,143100 square kilometres,7487489,TJ,Tajikistan,Dushanbe,AS,.tj,TJS,Somoni,992,######,^(\d{6})$,"tg,ru","['CN', 'AF', 'KG', 'UZ']",2022-03-30 23:40:42.964450
/places/static/images/flags/tz.png,945087 square kilometres,41892895,TZ,Tanzania,Dodoma,AF,.tz,TZS,Shilling,255,None,None,"sw-TZ,en,ar","['MZ', 'KE', 'CD', 'RW', 'ZM', 'BI', 'UG', 'MW']",2022-03-30 23:40:43.070266
/places/static/images/flags/th.png,514000 square kilometres,67089500,TH,Thailand,Bangkok,AS,.th,THB,Baht,66,#####,^(\d{5})$,"th,en","['LA', 'MM', 'KH', 'MY']",2022-03-30 23:40:43.185292
/places/static/images/flags/tg.png,56785 square kilometres,6587239,TG,Togo,Lome,AF,.tg,XOF,Franc,228,None,None,"fr-TG,ee,hna,kbp,dag,ha","['BJ', 'GH', 'BF']",2022-03-30 23:40:43.286520
/places/static/images/flags/tk.png,10 square kilometres,1466,TK,Tokelau,None,OC,.tk,NZD,Dollar,690,None,None,"tkl,en-TK",None,2022-03-30 23:40:43.389491
/places/static/images/flags/to.png,748 square kilometres,122580,TO,Tonga,Nuku'alofa,OC,.to,TOP,Pa'anga,676,None,None,"to,en-TO",None,2022-03-30 23:40:43.493105
/places/static/images/flags/tt.png,5128 square kilometres,1228691,TT,Trinidad and Tobago,Port of Spain,NA,.tt,TTD,Dollar,+1-868,None,None,"en-TT,hns,fr,es,zh",None,2022-03-30 23:40:43.598738
/places/static/images/flags/tn.png,163610 square kilometres,10589025,TN,Tunisia,Tunis,AF,.tn,TND,Dinar,216,####,^(\d{4})$,"ar-TN,fr","['DZ', 'LY']",2022-03-30 23:40:43.755710
/places/static/images/flags/tr.png,780580 square kilometres,77804122,TR,Turkey,Ankara,AS,.tr,TRY,Lira,90,#####,^(\d{5})$,"tr-TR,ku,diq,az,av","['SY', 'GE', 'IQ', 'IR', 'GR', 'AM', 'AZ', 'BG']",2022-03-30 23:40:43.864765
/places/static/images/flags/tm.png,488100 square kilometres,4940916,TM,Turkmenistan,Ashgabat,AS,.tm,TMT,Manat,993,######,^(\d{6})$,"tk,ru,uz","['AF', 'IR', 'UZ', 'KZ']",2022-03-30 23:40:43.965412
/places/static/images/flags/tc.png,430 square kilometres,20556,TC,Turks and Caicos Islands,Cockburn Town,NA,.tc,USD,Dollar,+1-649,TKCA 1ZZ,^(TKCA 1ZZ)$,en-TC,None,2022-03-30 23:40:44.067723
/places/static/images/flags/tv.png,26 square kilometres,10472,TV,Tuvalu,Funafuti,OC,.tv,AUD,Dollar,688,None,None,"tvl,en,sm,gil",None,2022-03-30 23:40:44.170089
/places/static/images/flags/vi.png,352 square kilometres,108708,VI,U.S. Virgin Islands,Charlotte Amalie,NA,.vi,USD,Dollar,+1-340,#####-####,^\d{5}(-\d{4})?$,en-VI,None,2022-03-30 23:40:44.276911
/places/static/images/flags/ug.png,236040 square kilometres,33398682,UG,Uganda,Kampala,AF,.ug,UGX,Shilling,256,None,None,"en-UG,lg,sw,ar","['TZ', 'KE', 'SS', 'CD', 'RW']",2022-03-30 23:40:44.380255
/places/static/images/flags/ua.png,603700 square kilometres,45415596,UA,Ukraine,Kiev,EU,.ua,UAH,Hryvnia,380,#####,^(\d{5})$,"uk,ru-UA,rom,pl,hu","['PL', 'MD', 'HU', 'SK', 'BY', 'RO', 'RU']",2022-03-30 23:40:44.490401
/places/static/images/flags/ae.png,82880 square kilometres,4975593,AE,United Arab Emirates,Abu Dhabi,AS,.ae,AED,Dirham,971,None,None,"ar-AE,fa,en,hi,ur","['SA', 'OM']",2022-03-30 23:40:44.593084
/places/static/images/flags/gb.png,244820 square kilometres,62348447,GB,United Kingdom,London,EU,.uk,GBP,Pound,44,@# #@@|@## #@@|@@# #@@|@@## #@@|@#@ #@@|@@#@ #@@|GIR0AA,^(([A-Z]\d{2}[A-Z]{2})|([A-Z]\d{3}[A-Z]{2})|([A-Z]{2}\d{2}[A-Z]{2})|([A-Z]{2}\d{3}[A-Z]{2})|([A-Z]\d[A-Z]\d[A-Z]{2})|([A-Z]{2}\d[A-Z]\d[A-Z]{2})|(GIR0AA))$,"en-GB,cy-GB,gd",IE ,2022-03-30 23:40:44.694320
/places/static/images/flags/us.png,9629091 square kilometres,310232863,US,United States,Washington,NA,.us,USD,Dollar,1,#####-####,^\d{5}(-\d{4})?$,"en-US,es-US,haw,fr","['CA', 'MX', 'CU']",2022-03-30 23:40:44.795971
/places/static/images/flags/um.png,0 square kilometres,0,UM,United States Minor Outlying Islands,None,OC,.um,USD,Dollar,1,None,None,en-UM,None,2022-03-30 23:40:44.897886
/places/static/images/flags/uy.png,176220 square kilometres,3477000,UY,Uruguay,Montevideo,SA,.uy,UYU,Peso,598,#####,^(\d{5})$,es-UY,"['BR', 'AR']",2022-03-30 23:40:45.000107
/places/static/images/flags/uz.png,447400 square kilometres,27865738,UZ,Uzbekistan,Tashkent,AS,.uz,UZS,Som,998,######,^(\d{6})$,"uz,ru,tg","['TM', 'AF', 'KG', 'TJ', 'KZ']",2022-03-30 23:40:45.104877
/places/static/images/flags/vu.png,12200 square kilometres,221552,VU,Vanuatu,Port Vila,OC,.vu,VUV,Vatu,678,None,None,"bi,en-VU,fr-VU",None,2022-03-30 23:40:45.215575
/places/static/images/flags/va.png,0 square kilometres,921,VA,Vatican,Vatican City,EU,.va,EUR,Euro,379,#####,^(\d{5})$,"la,it,fr",IT ,2022-03-30 23:40:45.318711
/places/static/images/flags/ve.png,912050 square kilometres,27223228,VE,Venezuela,Caracas,SA,.ve,VEF,Bolivar,58,####,^(\d{4})$,es-VE,"['GY', 'BR', 'CO']",2022-03-30 23:40:45.474684
/places/static/images/flags/vn.png,329560 square kilometres,89571130,VN,Vietnam,Hanoi,AS,.vn,VND,Dong,84,######,^(\d{6})$,"vi,en,fr,zh,km","['CN', 'LA', 'KH']",2022-03-30 23:40:45.572195
/places/static/images/flags/wf.png,274 square kilometres,16025,WF,Wallis and Futuna,Mata Utu,OC,.wf,XPF,Franc,681,#####,^(986\d{2})$,"wls,fud,fr-WF",None,2022-03-30 23:40:45.674833
/places/static/images/flags/eh.png,266000 square kilometres,273008,EH,Western Sahara,El-Aaiun,AF,.eh,MAD,Dirham,212,None,None,"ar,mey","['DZ', 'MR', 'MA']",2022-03-30 23:40:45.778595
/places/static/images/flags/ye.png,527970 square kilometres,23495361,YE,Yemen,Sanaa,AS,.ye,YER,Rial,967,None,None,ar-YE,"['SA', 'OM']",2022-03-30 23:40:45.876143
/places/static/images/flags/zm.png,752614 square kilometres,13460305,ZM,Zambia,Lusaka,AF,.zm,ZMW,Kwacha,260,#####,^(\d{5})$,"en-ZM,bem,loz,lun,lue,ny,toi","['ZW', 'TZ', 'MZ', 'CD', 'NA', 'MW', 'AO']",2022-03-30 23:40:45.982237
/places/static/images/flags/zw.png,390580 square kilometres,11651858,ZW,Zimbabwe,Harare,AF,.zw,ZWL,Dollar,263,None,None,"en-ZW,sn,nr,nd","['ZA', 'MZ', 'BW', 'ZM']",2022-03-30 23:40:46.086071
